"label","discount","product-item__aspect-ratio href","product-item__primary-image src","product-item__secondary-image src","loader-button__text","visually-hidden","visually-hidden 2","product-item-meta__title","money","visually-hidden 3","money 2","visually-hidden 4","ait_usp_line","jdgm-prev-badge__text","product-item-meta__ratings-count","product-rating","visually-hidden 5","money 3","product-variant-select","product-variant-select 2","loader-button__text 2","restock-rocket-button"
"New Launch","0","https://twobrothersindiashop.com/products/protein-atta","https://twobrothersindiashop.com/cdn/shop/files/High_Protein_atta_listing_images-01_1200x.jpg?v=1785234780","https://twobrothersindiashop.com/cdn/shop/files/High_Protein_atta_listing_images-02_1200x.jpg?v=1785234779","ADD TO CART","Quick view","Quick view","High Protein Khapli Atta","₹1,998","Sale price","₹2,270","Regular price","22g Protein in 4 Rotis | Low Gluten","4.68 | 44 Reviews","44 Reviews","4.7","Sale price","₹265","10kg","5kg","Add to cart",""
"Trending","0","https://twobrothersindiashop.com/products/khapli-emmer-long-wheat-atta-stoneground-2kg","https://twobrothersindiashop.com/cdn/shop/files/Image_01_3cec8e10-74c4-41c5-872b-a00324274978_1200x.jpg?v=1785402703","https://twobrothersindiashop.com/cdn/shop/files/KhapliAttaListing-09_1200x.jpg?v=1785402703","ADD TO CART","Quick view","Quick view","Khapli Wheat Atta (Emmer Wheat Flour) Atta Stone Ground","₹1,664","Sale price","₹1,891","Regular price","Low GI | Certified Glyphosate-Free","4.9 | 1631 Reviews","1k+ Reviews","4.9","Sale price","₹425","10 kg","5 kg","Add to cart",""
"Best Seller","0","https://twobrothersindiashop.com/products/amorearth-desi-cow-a2-ghee","https://twobrothersindiashop.com/cdn/shop/files/CulturedGheeIngredient1l_1200x.jpg?v=1785404214","https://twobrothersindiashop.com/cdn/shop/files/CulturedGheeListing-02_1200x.jpg?v=1785404214","ADD TO CART","Quick view","Quick view","Desi Gir Cow Cultured Ghee","₹2,966","Sale price","₹3,370","Regular price","Bilona-made | Certified Glyphosate-Free","4.89 | 2412 Reviews","2k+ Reviews","4.9","Sale price","₹935","1000 ml (Glass Bottle)","500 ml (Glass Bottle)","Add to cart",""
"Trending","0","https://twobrothersindiashop.com/products/khapli-multigrain-atta","https://twobrothersindiashop.com/cdn/shop/files/Khapli_Multigrain_Atta_Ingredient_5kg_1200x.jpg?v=1785246161","https://twobrothersindiashop.com/cdn/shop/files/Khapli_Multigrain_Atta_Listing-08_1200x.jpg?v=1785246263","ADD TO CART","Quick view","Quick view","Khapli Multigrain Atta","₹1,536","Sale price","₹1,745","Regular price","50% Khapli | 50% Supergrains","4.85 | 406 Reviews","406 Reviews","4.9","Sale price","₹370","10kg","5kg","Add to cart",""
"Must Try","0","https://twobrothersindiashop.com/products/date-palm-jaggery-solid-pure-date-palm-sap-1-kg","https://twobrothersindiashop.com/cdn/shop/files/DatePalmJaggeryIngredients_1200x.jpg?v=1785323692","https://twobrothersindiashop.com/cdn/shop/files/DatePalmJaggeryListing-02_1200x.jpg?v=1785323692","ADD TO CART","+ Add to cart","Sale price","Date Palm Jaggery Solid, Date Palm Sap","₹788","","₹895","","Artisinal jaggery | fresh sap","4.87 | 225 Reviews","225 Reviews","4.9","Sale price","₹895","500 g","","Add to cart",""
"Trending","0","https://twobrothersindiashop.com/products/wood-pressed-organic-groundnut-peanut-oil-1litre-bottle","https://twobrothersindiashop.com/cdn/shop/files/Groundnut_Oil_TBIF_DOM-01_1200x.jpg?v=1785314976","https://twobrothersindiashop.com/cdn/shop/files/Groundnut_Oil_TBIF_DOM-02_1200x.jpg?v=1785314975","ADD TO CART","Quick view","Quick view","Groundnut Oil, Cold-Pressed, Single-filtered","₹1,773","Sale price","₹2,015","Regular price","Single pressed | Certified Glyphosate-Free","4.86 | 631 Reviews","631 Reviews","4.9","Sale price","₹425","Tin Can - 5 Ltr","Plastic Bottle 2L","Add to cart",""
"Best Seller","0","https://twobrothersindiashop.com/products/amlaprash-500-gms","https://twobrothersindiashop.com/cdn/shop/files/Amlaprash_Ingredient_1200x.jpg?v=1785267204","https://twobrothersindiashop.com/cdn/shop/files/Amlaprash_500g_FOP_1200x.jpg?v=1785267204","ADD TO CART","Quick view","Quick view","Amlaprash (Limited Edition Chyawanprash)","₹1,725","Sale price","₹1,960","Regular price","40+ herbs | Certified Glyphosate-Free","4.87 | 1168 Reviews","1k+ Reviews","4.9","Sale price","₹675","1 kg","500 g","Add to cart",""
"Trending","0","https://twobrothersindiashop.com/products/black-mustard-oil","https://twobrothersindiashop.com/cdn/shop/files/MustardOilListingDOMTBIF_Artboard1-01_1200x.jpg?v=1785329074","https://twobrothersindiashop.com/cdn/shop/files/Mustard_Oil_Listing_DOM_TBIF_Artboard_1_copy_1200x.jpg?v=1785315704","ADD TO CART","Quick view","Quick view","Black Mustard Oil I Cold-Pressed","₹1,659","Sale price","₹1,885","Regular price","Single filtered | Certified Glyphosate-Free","4.86 | 139 Reviews","139 Reviews","4.9","Sale price","₹395","5L Tin Can","2L Plastic Bottle","Add to cart",""
"Must Try","0","https://twobrothersindiashop.com/products/crushed-organic-jaggery-500-gms-pack-granular-form","https://twobrothersindiashop.com/cdn/shop/files/JaggeryPowderListing-01_1200x.jpg?v=1785318272","https://twobrothersindiashop.com/cdn/shop/files/Jaggery_Powder_Listing-03_1200x.jpg?v=1785318371","ADD TO CART","Quick view","Quick view","Sugarcane Jaggery, Crushed Granular","₹92","Sale price","₹105","Regular price","Sulphur free | Certified Glyphosate-Free","4.88 | 923 Reviews","923 Reviews","4.9","Sale price","₹105","2kg","500g","Add to cart",""
"Must Try","0","https://twobrothersindiashop.com/products/two-brothers-india-farms-amorearth-jaggery","https://twobrothersindiashop.com/cdn/shop/files/JaggeryBlock900gListingDOMTBIF-01_1200x.jpg?v=1785319251","https://twobrothersindiashop.com/cdn/shop/files/JaggeryBlock900gListingDOMTBIF-02_1200x.jpg?v=1785319251","ADD TO CART","+ Add to cart","Sale price","Sugarcane Jaggery Block","₹198","","₹225","","Sulphur-free | Certified Glyphosate-Free","4.88 | 951 Reviews","951 Reviews","4.9","Sale price","₹225","900g","","Add to cart",""
"Trending","15","https://twobrothersindiashop.com/products/truemato-ketchup","https://twobrothersindiashop.com/cdn/shop/files/Truemato_Ingredient_750g_1200x.jpg?v=1785252904","https://twobrothersindiashop.com/cdn/shop/files/Truemato_Listing-06_7edf4e6c-8eb9-4a65-b905-935f68c90faf_1200x.jpg?v=1785252410","ADD TO CART","Quick view","Quick view","Truemato Ketchup","₹198","Sale price","₹225","Regular price","75% tomatoes | Mishri sweetened","4.75 | 241 Reviews","241 Reviews","4.8","Sale price","₹265","750g","300g","Add to cart",""
"Must Try","0","https://twobrothersindiashop.com/products/jaggery-sachet","https://twobrothersindiashop.com/cdn/shop/files/JaggerySachetIngredient_1200x.jpg?v=1785318854","https://twobrothersindiashop.com/cdn/shop/files/JaggerySachetx30Listing_2_1200x.jpg?v=1785318854","ADD TO CART","+ Add to cart","Sale price","Jaggery Sachet","₹92","","₹105","","Handmade | Naturally Dried","4.62 | 8 Reviews","8 Reviews","4.6","Sale price","₹105","Pack of 30","","Add to cart",""
"New Launch","0","https://twobrothersindiashop.com/products/cold-pressed-groundnut-oil-spray","https://twobrothersindiashop.com/cdn/shop/files/GroundnutOilSprayBottleSprayIngredients_1200x.jpg?v=1785270214","https://twobrothersindiashop.com/cdn/shop/files/GroundnutOilSprayBottleECOMFOP_1200x.jpg?v=1785269601","ADD TO CART","Quick view","Quick view","Cold-Pressed Groundnut Oil Spray","₹392","Sale price","₹445","Regular price","4 cal per spray | Native groundnuts","5 | 1 Reviews","1 Reviews","5.0","Sale price","₹445","200ml","400ml","Add to cart",""
"","0","https://twobrothersindiashop.com/products/aliv-laddoo-250g","https://twobrothersindiashop.com/cdn/shop/files/AlivLaddooTBIFDOMIngredients_1200x.jpg?v=1785344672","https://twobrothersindiashop.com/cdn/shop/files/AlivLaddooFOPTBIFDOM_1200x.jpg?v=1785344672","ADD TO CART","Quick view","Quick view","Aliv Laddoo","₹474","Sale price","₹539","Regular price","Sweetened with Jaggery","4.86 | 102 Reviews","102 Reviews","4.9","Sale price","₹539","Pack of 6","Pack of 12","Add to cart",""
"","0","https://twobrothersindiashop.com/products/organic-turmeric-haldi-stone-grinded","https://twobrothersindiashop.com/cdn/shop/files/SalemHaldiIngredient_1200x.jpg?v=1785311837","https://twobrothersindiashop.com/cdn/shop/files/SalemHaldiListing-01_1200x.jpg?v=1785311837","ADD TO CART","Quick view","Quick view","Salem Haldi (Ground Turmeric)","₹150","Sale price","₹170","Regular price","Single-Origin | Contains Natural Antioxidants","4.9 | 502 Reviews","502 Reviews","4.9","Sale price","₹170","500g","100g","Add to cart",""
"Best Seller","0","https://twobrothersindiashop.com/products/two-brothers-india-farms-amorearth-moringa-powder","https://twobrothersindiashop.com/cdn/shop/files/Moringa_Powder_Ingredients_1200x.jpg?v=1785265809","https://twobrothersindiashop.com/cdn/shop/files/Moringa_Powder_Listing-01_1200x.jpg?v=1785265809","ADD TO CART","Quick view","Quick view","Moringa Powder","₹247","Sale price","₹281","Regular price","Health Supplement | Sun-dried","4.88 | 342 Reviews","342 Reviews","4.9","Sale price","₹145","200g","100g","Add to cart",""
"Best Seller","0","https://twobrothersindiashop.com/products/pink-himalayan-rock-salt","https://twobrothersindiashop.com/cdn/shop/files/PinkSaltIngredient_1200x.jpg?v=1785330863","https://twobrothersindiashop.com/cdn/shop/files/PinkHimalayanSaltFOPDOMTBIF_1200x.jpg?v=1785330863","ADD TO CART","+ Add to cart","Sale price","Pink Himalayan Rock Salt","₹84","","₹95","","Traditional Pink Salt | Trace Minerals Intact","4.85 | 114 Reviews","114 Reviews","4.9","Sale price","₹95","1kg","","Add to cart",""
"","0","https://twobrothersindiashop.com/products/gulkand","https://twobrothersindiashop.com/cdn/shop/files/Gulkand_Ingredients_1200x.jpg?v=1785255487","https://twobrothersindiashop.com/cdn/shop/files/Gulkand_Listing-02_1200x.jpg?v=1785255487","ADD TO CART","Quick view","Quick view","Gulkand","₹524","Sale price","₹595","Regular price","No nasties | Natural sweetners","4.87 | 316 Reviews","316 Reviews","4.9","Sale price","₹595","300g","500g","Add to cart",""
"Best Seller","0","https://twobrothersindiashop.com/products/amorearth-stone-ground-sattu-atta","https://twobrothersindiashop.com/cdn/shop/files/SattuAtta1kgIngredients_1200x.jpg?v=1785247195","https://twobrothersindiashop.com/cdn/shop/files/Sattu_Atta-10_1200x.jpg?v=1785247222","ADD TO CART","+ Add to cart","Sale price","Sattu Atta, Stoneground 1kg","₹348","","₹395","","Stone-ground| Rich in protein","4.9 | 250 Reviews","250 Reviews","4.9","Sale price","₹395","1kg","","Add to cart",""
"","0","https://twobrothersindiashop.com/products/jowar-sorghum-atta-desi-dagdi-stoneground-2kg-1","https://twobrothersindiashop.com/cdn/shop/files/Jowar_Atta_Ingredients_2kg_1200x.jpg?v=1785248088","https://twobrothersindiashop.com/cdn/shop/files/Jowar_Atta_Listing-04_1200x.jpg?v=1785248098","ADD TO CART","Quick view","Quick view","Jowar (Sorghum) Atta, Desi Dagdi Stoneground","₹757","Sale price","₹860","Regular price","Native jowar | Gluten-free","4.92 | 190 Reviews","190 Reviews","4.9","Sale price","₹430","4kg","2kg","Add to cart",""
"","0","https://twobrothersindiashop.com/products/sprouted-ragi-malt-nachni-satva","https://twobrothersindiashop.com/cdn/shop/files/Ragi_Atta_Ingredients_500g_1200x.jpg?v=1785249627","https://twobrothersindiashop.com/cdn/shop/files/Ragi_Atta_Listing-06_1200x.jpg?v=1785249627","ADD TO CART","+ Add to cart","Sale price","Sprouted Ragi Flour - Nachni Satva 500g","₹404","","₹459","","Stoneground | Wholegrain Atta","4.93 | 134 Reviews","134 Reviews","4.9","Sale price","₹459","500g","","Add to cart",""
"Summer Special","0","https://twobrothersindiashop.com/products/amorearth-lemon-pickle-300-gms","https://twobrothersindiashop.com/cdn/shop/files/LemonPickleIngredients300g_1200x.jpg?v=1785395797","https://twobrothersindiashop.com/cdn/shop/files/LemonPickleFOP_1200x.jpg?v=1785395797","ADD TO CART","+ Add to cart","Sale price","Lemon Pickle","₹352","","₹400","","Made with native variety of lemons","4.85 | 510 Reviews","510 Reviews","4.9","Sale price","₹400","300 g","","Add to cart",""
"","0","https://twobrothersindiashop.com/products/forest-honey","https://twobrothersindiashop.com/cdn/shop/files/Forest_Honey_Ingredients_1200x.jpg?v=1785417367","https://twobrothersindiashop.com/cdn/shop/files/Forest_Honey_Listing_TBIF_DOM-04_4602ac68-f194-44a2-87fa-927d7ffc7719_1200x.jpg?v=1785504004","ADD TO CART","Quick view","Quick view","Forest Honey I Multifloral","₹524","Sale price","₹595","Regular price","Multi-floral | natural","4.89 | 180 Reviews","180 Reviews","4.9","Sale price","₹435","500g","350g","Add to cart",""
"","0","https://twobrothersindiashop.com/products/amorearth-crunchy-jaggery-peanut-butter","https://twobrothersindiashop.com/cdn/shop/files/PeanutButterCrunchyListing-01_1200x.jpg?v=1785410276","https://twobrothersindiashop.com/cdn/shop/files/PeanutButterCrunchyListing-09_1200x.jpg?v=1785410276","ADD TO CART","Quick view","Quick view","Crunchy Peanut Butter","₹616","Sale price","₹700","Regular price","Sweetened with Jaggery | Stoneground","4.91 | 251 Reviews","251 Reviews","4.9","Sale price","₹440","300 g","500 g","Add to cart",""
"","0","https://twobrothersindiashop.com/products/whole-green-gram-moon","https://twobrothersindiashop.com/cdn/shop/files/WholeGreenGramFOP_1200x.jpg?v=1785396515","https://twobrothersindiashop.com/cdn/shop/files/WholeGreenGramBOP_1200x.jpg?v=1785396515","ADD TO CART","+ Add to cart","Sale price","Whole Green Gram","₹172","","₹195","","Green Moong | Unpolished","4.91 | 54 Reviews","54 Reviews","4.9","Sale price","₹195","500g","","Add to cart",""
"","0","https://twobrothersindiashop.com/products/acacia-honey-raw","https://twobrothersindiashop.com/cdn/shop/files/AcaciaHoney350gFOP_1200x.jpg?v=1785325627","https://twobrothersindiashop.com/cdn/shop/files/AcaciaHoneyListing-02_1200x.jpg?v=1785325627","ADD TO CART","+ Add to cart","Sale price","Acacia Honey, Raw Mono-floral Unfiltered","₹383","","₹435","","mono-floral | no nasties","4.84 | 211 Reviews","211 Reviews","4.8","Sale price","₹435","350g","","Add to cart",""
"Summer Special","0","https://twobrothersindiashop.com/products/raw-mango-pickle","https://twobrothersindiashop.com/cdn/shop/files/Raw_Mango_Pickle_300g_Ingredients_1200x.jpg?v=1785517987","https://twobrothersindiashop.com/cdn/shop/files/Raw_Mango_Pickle_Texture_1200x.jpg?v=1785517987","ADD TO CART","+ Add to cart","Sale price","Raw Mango Pickle","₹405","","₹460","","No vinegar | Small batch","4.84 | 134 Reviews","134 Reviews","4.8","Sale price","₹460","300 g","","Add to cart",""
"Trending","0","https://twobrothersindiashop.com/products/coconut-oil-wood-pressed-unrefined","https://twobrothersindiashop.com/cdn/shop/files/Coconut_Oil_DOM_TBIF-01_1200x.jpg?v=1785268395","https://twobrothersindiashop.com/cdn/shop/files/Coconut_Oil_DOM_TBIF-02_1200x.jpg?v=1785268393","ADD TO CART","Quick view","Quick view","Coconut Oil, Unrefined","₹1,562","Sale price","₹1,775","Regular price","Cold-pressed | Certified Glyphosate-Free","4.88 | 92 Reviews","92 Reviews","4.9","Sale price","₹945","2L Plastic Bottle","1L Plastic Bottle","Add to cart",""
"Summer Special","0","https://twobrothersindiashop.com/products/rajgira-atta","https://twobrothersindiashop.com/cdn/shop/files/Rajgira_Atta_Ingredient_500g_TBIF_DOM_1200x.jpg?v=1785254569","https://twobrothersindiashop.com/cdn/shop/files/Rajgira_Atta_Listing-01_1200x.jpg?v=1785254569","ADD TO CART","+ Add to cart","Sale price","Sprouted Rajgira Atta (Sprouted Amaranth Flour), 500 gms","₹348","","₹395","","Stoneground | gluten-free","5 | 29 Reviews","29 Reviews","5.0","Sale price","₹395","500g","","Add to cart",""
"Summer Special","0","https://twobrothersindiashop.com/products/spicy-mango-pickle","https://twobrothersindiashop.com/cdn/shop/files/SpicyMangoPickleIngredients_1200x.jpg?v=1785393265","https://twobrothersindiashop.com/cdn/shop/files/SpicyMangoPickleLifestyle_1200x.jpg?v=1785393265","ADD TO CART","+ Add to cart","Sale price","Spicy Mango Pickle","₹405","","₹460","","No vinegar | Small batch","4.78 | 102 Reviews","102 Reviews","4.8","Sale price","₹460","300 g","","Add to cart",""
"","0","https://twobrothersindiashop.com/products/ajara-ghansal-rice","https://twobrothersindiashop.com/cdn/shop/files/AjaraGhansalRiceIngredients_1200x.jpg?v=1785335255","https://twobrothersindiashop.com/cdn/shop/files/AjaraGhansalRice1kgFOP_1200x.jpg?v=1785335255","ADD TO CART","Quick view","Quick view","Ajara Ghansal Rice","₹1,096","Sale price","₹1,245","Regular price","Semi-polished | Native Variety","4.88 | 130 Reviews","130 Reviews","4.9","Sale price","₹255","5kg","1kg","Add to cart",""
"","0","https://twobrothersindiashop.com/products/besan-flour-gram-flour-stoneground","https://twobrothersindiashop.com/cdn/shop/files/BesanFlourIngredients_1200x.jpg?v=1785255132","https://twobrothersindiashop.com/cdn/shop/files/BesanAtta1kgFOP_1200x.jpg?v=1785255132","ADD TO CART","+ Add to cart","Sale price","Besan Flour | Gram Flour","₹298","","₹339","","Stoneground | Plant-fiber","4.89 | 37 Reviews","37 Reviews","4.9","Sale price","₹339","1kg","","Add to cart",""
"","0","https://twobrothersindiashop.com/products/khapli-vermicelli","https://twobrothersindiashop.com/cdn/shop/files/Khapli_Vermicelli_Ingredients_1200x.jpg?v=1785408896","https://twobrothersindiashop.com/cdn/shop/files/Khapli_Vermicelli_Lifestyle_1200x.jpg?v=1785408896","ADD TO CART","Quick view","Quick view","Khapli Vermicelli","₹422","Sale price","₹480","Regular price","50% gluten | 50% More Fiber","4.91 | 33 Reviews","33 Reviews","4.9","Sale price","₹249","300g","150g","Add to cart",""
"","0","https://twobrothersindiashop.com/products/bajra-poha-i-gluten-free","https://twobrothersindiashop.com/cdn/shop/files/Bajra_Poha_FOP_1200x.jpg?v=1785408190","https://twobrothersindiashop.com/cdn/shop/files/Bajra_Poha_BOP_1200x.jpg?v=1785408189","ADD TO CART","Quick view","Quick view","Bajra Poha","₹612","Sale price","₹695","Regular price","Gluten-free | Millet Flakes","4.94 | 36 Reviews","36 Reviews","4.9","Sale price","₹369","1kg","500g","Add to cart",""
"","0","https://twobrothersindiashop.com/products/ragi-poha-i-gluten-free","https://twobrothersindiashop.com/cdn/shop/files/Ragi_Poha_FOP_1200x.jpg?v=1785406986","https://twobrothersindiashop.com/cdn/shop/files/Ragi_Poha_BOP_1200x.jpg?v=1785406986","ADD TO CART","Quick view","Quick view","Ragi Poha I Gluten Free","₹612","Sale price","₹695","Regular price","Gluten-free | Millet Flakes","4.91 | 32 Reviews","32 Reviews","4.9","Sale price","₹369","1kg","500g","Add to cart",""
"","0","https://twobrothersindiashop.com/products/sunflower-oil","https://twobrothersindiashop.com/cdn/shop/files/Sunflower_Oil_Listing_DOM_TBIF-01_1200x.jpg?v=1785269022","https://twobrothersindiashop.com/cdn/shop/files/Sunflower_Oil_Listing_DOM_TBIF-02_1200x.jpg?v=1785269021","ADD TO CART","Quick view","Quick view","Sunflower Oil I Cold-Pressed","₹392","Sale price","₹445","Regular price","Single-filtered | Certified Glyphosate-Free","4.85 | 81 Reviews","81 Reviews","4.9","Sale price","₹445","Tin Can 5L","Plastic Bottle 1L","Add to cart",""
"","0","https://twobrothersindiashop.com/products/traditional-chakli-250g","https://twobrothersindiashop.com/cdn/shop/files/crispy-chakli_1200x.png?v=1787550786","https://twobrothersindiashop.com/cdn/shop/files/Listing_Chakli-1_1200x.jpg?v=1786614974","ADD TO CART","+ Add to cart","Sale price","Crispy Chakli","₹260","","₹295","","No Palm Oil | Maharashtrian Murukku","4.87 | 38 Reviews","38 Reviews","4.9","Sale price","₹295","250g","","Add to cart",""
"","0","https://twobrothersindiashop.com/products/indian-berry-honey-raw-mono-floral-unfiltered","https://twobrothersindiashop.com/cdn/shop/files/BerTreeHoneyIngredients_1200x.jpg?v=1785326030","https://twobrothersindiashop.com/cdn/shop/files/BerTreeHoney350gFOP_1200x.jpg?v=1785326030","ADD TO CART","+ Add to cart","Sale price","Indian Berry Honey, Raw Mono-Floral Unfiltered","₹383","","₹435","","mono-floral | single-strained","4.88 | 108 Reviews","108 Reviews","4.9","Sale price","₹435","350g","","Add to cart",""
"","0","https://twobrothersindiashop.com/products/stony-ambemohar-rice","https://twobrothersindiashop.com/cdn/shop/files/AmbemoharRice1kgIngredients_1200x.jpg?v=1785335592","https://twobrothersindiashop.com/cdn/shop/files/AmbemoharRice1kgLifestyle_1200x.jpg?v=1785335593","ADD TO CART","Quick view","Quick view","Stony Ambemohar Rice","₹1,228","Sale price","₹1,395","Regular price","Unpolished | Native variety","4.85 | 72 Reviews","72 Reviews","4.9","Sale price","₹295","5kg","1kg","Add to cart",""
"New Launch","0","https://twobrothersindiashop.com/products/low-gi-rice-kalanamak-variety","https://twobrothersindiashop.com/cdn/shop/files/Low_GI_Rice_2kg_Ingredients_a6c4038e-1784-4d28-a96d-5f3092713cc6_1200x.jpg?v=1785335978","https://twobrothersindiashop.com/cdn/shop/files/Low_GI_Rice_Listing_Low_GI_Rice_2kg_Claims_1200x.jpg?v=1785335977","ADD TO CART","Quick view","Quick view","Low GI Rice | Kalanamak Variety","₹2,844","Sale price","₹3,232","Regular price","Low GI | Indian Native Aromatic Rice","4.83 | 76 Reviews","76 Reviews","4.8","Sale price","₹695","10kg","5kg","Add to cart",""
"Limited Stock","0","https://twobrothersindiashop.com/products/full-moon-ghee","https://twobrothersindiashop.com/cdn/shop/files/FullMoonGheeIngredient500ml_1200x.jpg?v=1785233807","https://twobrothersindiashop.com/cdn/shop/files/Fullmoongheelisting-01_1200x.jpg?v=1785233807","ADD TO CART","+ Add to cart","Sale price","Full Moon Cultured Ghee, Desi Gir Cow","₹2,055","","₹2,335","","Once a month | 12 times a year","4.92 | 418 Reviews","418 Reviews","4.9","Sale price","₹2,335","500ml","","Add to cart",""
"","0","https://twobrothersindiashop.com/products/kashmiri-mongra-saffron","https://twobrothersindiashop.com/cdn/shop/files/Saffron_Ingredients_1200x.jpg?v=1785334260","https://twobrothersindiashop.com/cdn/shop/files/Saffron_1g_FOP_1200x.jpg?v=1785334260","ADD TO CART","Quick view","Quick view","Single Origin Kashmiri Mongra Saffron","₹598","Sale price","₹679","Regular price","Distinct Aroma | Natively sourced","4.92 | 52 Reviews","52 Reviews","4.9","Sale price","₹679","1g","5g (pack of 5)","Add to cart",""
"","0","https://twobrothersindiashop.com/products/single-origin-byadgi-chilli-powder-150g","https://twobrothersindiashop.com/cdn/shop/files/ByadgiChilliIngredients_1200x.jpg?v=1785334467","https://twobrothersindiashop.com/cdn/shop/files/ByadgiChilli150gFOPDOMTBIF_1200x.jpg?v=1785334467","ADD TO CART","+ Add to cart","Sale price","Single Origin Byadgi Chilli Powder 150g","₹343","","₹390","","Sundried | Dabbi variety","4.91 | 35 Reviews","35 Reviews","4.9","Sale price","₹390","150g","","Add to cart",""
"","0","https://twobrothersindiashop.com/products/amla-murabba","https://twobrothersindiashop.com/cdn/shop/files/Amla_Murabba_1200x.jpg?v=1754562808","https://twobrothersindiashop.com/cdn/shop/files/IMG_115_Amla_Murabba_1200x.jpg?v=1754996351","ADD TO CART","+ Add to cart","Sale price","Amla Murabba","₹612","","₹695","","Sweetened with jaggery | Indian gooseberry","4.77 | 65 Reviews","65 Reviews","4.8","Sale price","₹695","500 g","","Add to cart",""
"Must Try","0","https://twobrothersindiashop.com/products/coconut-sap-sugar","https://twobrothersindiashop.com/cdn/shop/files/Coconut_Sap_Sugar_Ingredients_1200x.jpg?v=1785324176","https://twobrothersindiashop.com/cdn/shop/files/Coconut_Sap_Sugar_Lifestyle_1200x.jpg?v=1785324176","ADD TO CART","+ Add to cart","Sale price","Coconut Sap Sugar","₹550","","₹625","","Natural sweetener | Low GI","4.93 | 81 Reviews","81 Reviews","4.9","Sale price","₹625","300g","","Add to cart",""
"","0","https://twobrothersindiashop.com/products/raw-cashew-nuts","https://twobrothersindiashop.com/cdn/shop/files/CashewNutsFOP_1_1200x.jpg?v=1785405347","https://twobrothersindiashop.com/cdn/shop/files/CashewNutsBOP_1_1200x.jpg?v=1785405346","ADD TO CART","+ Add to cart","Sale price","Raw Cashew Nuts","₹392","","₹445","","Native variety | Whole kernel","4.56 | 16 Reviews","16 Reviews","4.6","Sale price","₹445","Whole Cashew - 250g","","Add to cart",""
"","0","https://twobrothersindiashop.com/products/almond-butter-with-jaggery-crunchy-300-gms","https://twobrothersindiashop.com/cdn/shop/files/AlmondButterIngredient_1200x.jpg?v=1785409603","https://twobrothersindiashop.com/cdn/shop/files/AlmondButterLifestyle_1200x.jpg?v=1785409603","ADD TO CART","+ Add to cart","Sale price","Crunchy Almond Butter","₹1,113","","₹1,265","","Stoneground | No refined sugar","4.87 | 70 Reviews","70 Reviews","4.9","Sale price","₹1,265","300g","","Add to cart",""
"","0","https://twobrothersindiashop.com/products/golden-milk-mix","https://twobrothersindiashop.com/cdn/shop/files/GoldenMilkMixIngredients_1200x.jpg?v=1785340892","https://twobrothersindiashop.com/cdn/shop/files/GoldenMilkMix200gFOP_1200x.jpg?v=1785340892","ADD TO CART","+ Add to cart","Sale price","Golden Milk Mix","₹462","","₹525","","Supports immunity | Helps digestion","4.86 | 35 Reviews","35 Reviews","4.9","Sale price","₹525","200g","","Add to cart",""
"","0","https://twobrothersindiashop.com/products/tulsi-ghee-herbal-ghee-daily-care-wellness","https://twobrothersindiashop.com/cdn/shop/files/Tulsi_Ghee_Ingredients_1200x.jpg?v=1785233612","https://twobrothersindiashop.com/cdn/shop/files/Tulsi_Ghee_Texture_1200x.jpg?v=1785233612","ADD TO CART","+ Add to cart","Sale price","Tulsi Ghee","₹2,055","","₹2,335","","Tulsi infused | Gir Cow Ghee","4.93 | 71 Reviews","71 Reviews","4.9","Sale price","₹2,335","250ml","","Add to cart",""
"","0","https://twobrothersindiashop.com/products/indrayani-rice-1","https://twobrothersindiashop.com/cdn/shop/files/IndrayaniRice1kgIngredients_1200x.jpg?v=1785336948","https://twobrothersindiashop.com/cdn/shop/files/IndrayaniRice1kgFOP_1200x.jpg?v=1785336948","ADD TO CART","+ Add to cart","Sale price","Indrayani Rice","₹180","","₹205","","Un-polished | Native rice variety","4.8 | 20 Reviews","20 Reviews","4.8","Sale price","₹205","1kg","","Add to cart",""
"Summer Special","0","https://twobrothersindiashop.com/products/spicy-amla-pickle-500g","https://twobrothersindiashop.com/cdn/shop/files/AmlaPickle500gIngredients_1200x.jpg?v=1785412354","https://twobrothersindiashop.com/cdn/shop/files/AmlaPickle500gLifestyle_1200x.jpg?v=1785412354","ADD TO CART","+ Add to cart","Sale price","Spicy Amla Pickle 500g","₹572","","₹650","","Heirloom recipe | Fresh Amlas","4.75 | 83 Reviews","83 Reviews","4.8","Sale price","₹650","500g","","Add to cart",""
"","0","https://twobrothersindiashop.com/products/virgin-coconut-oil-cold-pressed-single-filtered","https://twobrothersindiashop.com/cdn/shop/files/VirginCoconutOilIngredients_1200x.jpg?v=1785267952","https://twobrothersindiashop.com/cdn/shop/files/VirginCoconutOil400mlFOP_1200x.jpg?v=1785267952","ADD TO CART","+ Add to cart","Sale price","Virgin Coconut Oil","₹1,008","","₹1,145","","Single-filtered | Cold-pressed","4.96 | 28 Reviews","28 Reviews","5.0","Sale price","₹1,145","400ml","","Add to cart",""
"","0","https://twobrothersindiashop.com/products/shatavari-ghee-a2-cultured-250-gms","https://twobrothersindiashop.com/cdn/shop/files/Shatavari_Ghee_Ingredients_1200x.jpg?v=1785221093","https://twobrothersindiashop.com/cdn/shop/files/Shatavari_Ghee_Listing-01_1200x.jpg?v=1785221092","ADD TO CART","+ Add to cart","Sale price","Shatavari Ghee","₹2,055","","₹2,335","","Shatavari infused | Cultured Gir Cow Ghee","4.92 | 59 Reviews","59 Reviews","4.9","Sale price","₹2,335","250ml","","Add to cart",""
"","0","https://twobrothersindiashop.com/products/amla-gulkand","https://twobrothersindiashop.com/cdn/shop/files/Buy_Amla_Gulkand_Shop_1200x.jpg?v=1754562664","https://twobrothersindiashop.com/cdn/shop/files/Shop_Fresh_Amla_Gulkand_1200x.jpg?v=1754562664","ADD TO CART","+ Add to cart","Sale price","Amla Gulkand","₹392","","₹445","","Natural sweetener | Digestive aid","4.81 | 16 Reviews","16 Reviews","4.8","Sale price","₹445","300g","","Add to cart",""
"","0","https://twobrothersindiashop.com/products/tur-pigeon-pea-dal-unpolished-desi-variety-500g","https://twobrothersindiashop.com/cdn/shop/files/TurDal500gIngredients_1200x.jpg?v=1785394248","https://twobrothersindiashop.com/cdn/shop/files/TurDal500gFOP_1200x.jpg?v=1785394248","ADD TO CART","+ Add to cart","Sale price","Tur (Pigeon Pea) Dal, Unpolished Desi Variety - 500g","₹175","","₹199","","Unpolished | native variant | plant protein","4.6 | 5 Reviews","5 Reviews","4.6","Sale price","₹199","500g","","Add to cart",""
"Rakhi Special","0","https://twobrothersindiashop.com/products/kaju-katli-150g","https://twobrothersindiashop.com/cdn/shop/files/Rakhi-Inside-Products-Listing-kaju-katli_1200x.jpg?v=1786436591","https://twobrothersindiashop.com/cdn/shop/files/Listing_KajuKatli-1_1200x.jpg?v=1785830287","ADD TO CART","+ Add to cart","Sale price","Kaju Katli","₹400","","₹455","","Belgaum Cashews | No Refined Sugar","No reviews","0 Reviews","0.0","Sale price","₹455","150g","","Add to cart",""
"Rakhi Special","0","https://twobrothersindiashop.com/products/khajoor-laddoo-90g-2pc","https://twobrothersindiashop.com/cdn/shop/files/Rakhi-Inside-Products-Listing-khajoor-laddo_1200x.jpg?v=1786621076","https://twobrothersindiashop.com/cdn/shop/files/Listing_Khajoor_Laddoo_-_1_1200x.jpg?v=1785827771","ADD TO CART","+ Add to cart","Sale price","Khajoor Laddoo","₹198","","₹225","","Made with Cultured Ghee | No Refined Sugar","No reviews","0 Reviews","0.0","Sale price","₹225","90g","","Add to cart",""
"","0","https://twobrothersindiashop.com/products/modak-150g","https://twobrothersindiashop.com/cdn/shop/files/modak_1200x.png?v=1787550473","https://twobrothersindiashop.com/cdn/shop/files/Listing_Modak-1_1200x.jpg?v=1786612026","ADD TO CART","+ Add to cart","Sale price","Crispy Fried Modak","₹136","","₹155","","Made with Sunflower Oil | Ganesh Chaturthi Special","No reviews","0 Reviews","0.0","Sale price","₹155","150g","","Add to cart",""
"New Launch","0","https://twobrothersindiashop.com/products/spiced-jaggery-cubes","https://twobrothersindiashop.com/cdn/shop/files/SpicedJaggeryBitesListing-07_1200x.jpg?v=1785319567","https://twobrothersindiashop.com/cdn/shop/files/SpicedJaggeryBitesListing-04_1200x.jpg?v=1785319567","Out of stock","Sale price","Sale price","Spiced Jaggery Cubes","₹216","","₹245","","Slow boiled | Native variety sugarcane","4.9 | 10 Reviews","10 Reviews","4.9","","₹245","500g","","","NOTIFY ME"
"","0","https://twobrothersindiashop.com/products/sattu-laddu","https://twobrothersindiashop.com/cdn/shop/files/SattuLaddoIngredients_1200x.jpg?v=1785342517","https://twobrothersindiashop.com/cdn/shop/files/SattuLaddooFOPTBIFDOM_1200x.jpg?v=1785342517","Out of stock","Sale price","Sale price","Sattu Laddoo","₹378","Regular price","₹429","","Jaggery sweetened | Protein rich","4.86 | 545 Reviews","545 Reviews","4.9","","₹429","Pack of 6","Pack of 12","","NOTIFY ME"
"Trending","0","https://twobrothersindiashop.com/products/dink-laadu-gondh-laddu-edible-gum-ladoos-250gms","https://twobrothersindiashop.com/cdn/shop/files/GondhLaddooIngredient_1200x.jpg?v=1785345255","https://twobrothersindiashop.com/cdn/shop/files/GondhLaddooFOPTBIFDOM_1200x.jpg?v=1785345255","Out of stock","Sale price","Sale price","Gondh Laddoo (Edible Gum Laddoo)","₹474","Regular price","₹539","","Fiber rich | Natural sweetener","4.8 | 438 Reviews","438 Reviews","4.8","","₹539","Pack of 6","Pack of 12","","NOTIFY ME"
"","0","https://twobrothersindiashop.com/products/khajoor-laddoo-250g","https://twobrothersindiashop.com/cdn/shop/files/KhajoorLaddooIngredients_1200x.jpg?v=1785345713","https://twobrothersindiashop.com/cdn/shop/files/KhajoorLaddooFOPTBIFDOM_1200x.jpg?v=1785345713","Out of stock","Sale price","Sale price","Khajoor Laddoo","₹378","Regular price","₹429","","No Preservatives | Zero trans-fat","4.84 | 83 Reviews","83 Reviews","4.8","","₹429","Pack of 6","Pack of 12","","NOTIFY ME"
"","0","https://twobrothersindiashop.com/products/amorearth-jaggery-peanut-butter","https://twobrothersindiashop.com/cdn/shop/files/Peanut_Butter_Creamy_Ingredients_1200x.jpg?v=1785411262","https://twobrothersindiashop.com/cdn/shop/files/Peanut_Butter_Creamy_Listing-01_-_Copy_1200x.jpg?v=1785411261","Out of stock","Sale price","Sale price","Creamy Peanut Butter","₹387","","₹440","","Sweetened with Jaggery | Stoneground","4.87 | 445 Reviews","445 Reviews","4.9","","₹440","300 g","","","NOTIFY ME"
"","0","https://twobrothersindiashop.com/products/single-origin-lakadong-turmeric-powder-150g","https://twobrothersindiashop.com/cdn/shop/files/LakadongTurmeric-Ingredients_1200x.jpg?v=1785330627","https://twobrothersindiashop.com/cdn/shop/files/LakadongTurmeric150gFOPDOMTBIF_1200x.jpg?v=1785330627","Out of stock","Sale price","Sale price","Single Origin Lakadong Turmeric Powder 150g","₹246","","₹279","","7-10% curcumin | hand-harvested","4.88 | 68 Reviews","68 Reviews","4.9","","₹279","150g","","","NOTIFY ME"
"Best Seller","0","https://twobrothersindiashop.com/products/khapli-emmer-long-wheat-grains-stoneground-1kg","https://twobrothersindiashop.com/cdn/shop/files/KhapliWheatGrainsFOP_1200x.jpg?v=1785402798","https://twobrothersindiashop.com/cdn/shop/files/KhapliWheatGrainsBOP_1200x.jpg?v=1785402798","Out of stock","Sale price","Sale price","Khapli Wheat Grains (Emmer Wheat Grain) - 5kg","₹876","","₹995","","Ancient variety | 50% more fiber","4.88 | 154 Reviews","154 Reviews","4.9","","₹995","5kg","","","NOTIFY ME"
"","0","https://twobrothersindiashop.com/products/bajra-atta-1kg","https://twobrothersindiashop.com/cdn/shop/files/Bajra_atta_Ingredient_1200x.jpg?v=1785254912","https://twobrothersindiashop.com/cdn/shop/files/Bajra_Atta_1kg_FOP_DOM_TBIF_1200x.jpg?v=1785254912","Out of stock","Sale price","Sale price","Bajra Atta 1kg","₹149","","₹169","","Stoneground | Traditional Bajra","4.84 | 43 Reviews","43 Reviews","4.8","","₹169","1kg","","","NOTIFY ME"
"","0","https://twobrothersindiashop.com/products/buffalo-ghee-a2-cultured","https://twobrothersindiashop.com/cdn/shop/files/BuffaloGhee1lIngredient_1200x.jpg?v=1785220509","https://twobrothersindiashop.com/cdn/shop/files/BuffaloGhee1lFOP_1200x.jpg?v=1785220509","Out of stock","Sale price","Sale price","Buffalo Ghee","₹1,716","Regular price","₹1,950","","Bilona-made | Slow cooked","4.83 | 115 Reviews","115 Reviews","4.8","","₹995","1000 ml (Glass bottle)","500 ml (Glass bottle)","","NOTIFY ME"
"","0","https://twobrothersindiashop.com/products/thandai-drink-mix-all-natural","https://twobrothersindiashop.com/cdn/shop/files/Thandai_Drink_Mix_Ingredients_1200x.jpg?v=1766483899","https://twobrothersindiashop.com/cdn/shop/files/Thandai_Drink_Mix_150g_BOP_2_1200x.jpg?v=1766483899","Out of stock","Sale price","Sale price","Thandai Drink Mix","₹576","","₹655","","Ready to mix | No added sugar","4.81 | 96 Reviews","96 Reviews","4.8","","₹655","150g","","","NOTIFY ME"
"","0","https://twobrothersindiashop.com/products/organic-liquid-jaggery-kaakvi","https://twobrothersindiashop.com/cdn/shop/files/LiquidJaggeryKakviListing-01_1200x.jpg?v=1785322838","https://twobrothersindiashop.com/cdn/shop/files/LiquidJaggeryKakviListing-02_1200x.jpg?v=1785322838","Out of stock","Sale price","Sale price","Liquid Sugarcane Jaggery ( Kaakvi)","₹342","","₹389","","Wood-fired | No additives","4.89 | 101 Reviews","101 Reviews","4.9","","₹389","390g","","","NOTIFY ME"
"","0","https://twobrothersindiashop.com/products/white-rajma-kidney-beans-1-kg","https://twobrothersindiashop.com/cdn/shop/files/Buy_Waghya_Rajma_Online_1200x.jpg?v=1754562841","https://twobrothersindiashop.com/cdn/shop/files/IMG_140_Waghya_Rajma_1200x.jpg?v=1754997811","Out of stock","Sale price","Sale price","Waghya Rajma","₹216","","₹245","","Red kidney beans | High-protein","4.85 | 47 Reviews","47 Reviews","4.9","","₹245","500g","","","NOTIFY ME"
"","0","https://twobrothersindiashop.com/products/dhoop-sticks-pack-of-30-sticks","https://twobrothersindiashop.com/cdn/shop/files/Dhoop_Sticks_FOP_1200x.jpg?v=1785393661","https://twobrothersindiashop.com/cdn/shop/files/Dhoop_Sticks_BOP_1200x.jpg?v=1785393660","Out of stock","Sale price","Sale price","Dhoop (Incense) Sticks, Handmade 30 pieces","₹484","","₹550","","Non-perfumed | Natural purifier","4.84 | 171 Reviews","171 Reviews","4.8","","₹550","30 pieces","","","NOTIFY ME"
"Summer Special","0","https://twobrothersindiashop.com/products/instant-shikanji-mix","https://twobrothersindiashop.com/cdn/shop/files/Instant_Shikanji_Mix_1200x.jpg?v=1754562666","https://twobrothersindiashop.com/cdn/shop/files/IMG_37_Instant_Shikanji_Mix_1200x.jpg?v=1754990914","Out of stock","Sale price","Sale price","Instant Shikanji Mix","₹370","","₹420","","Ready to mix | Zero sugar","4.86 | 21 Reviews","21 Reviews","4.9","","₹420","150g","","","NOTIFY ME"
"","0","https://twobrothersindiashop.com/products/amorearth-desi-gir-cow-colostrum-powder","https://twobrothersindiashop.com/cdn/shop/files/ColostrumPowderIngredients_1200x.jpg?v=1785341457","https://twobrothersindiashop.com/cdn/shop/files/ColostrumPowderFOP_1200x.jpg?v=1785341457","Out of stock","Sale price","Sale price","Colostrum Powder, Desi Gir Cow","₹1,646","","₹1,870","","Preservative free | Gir Cow","4.84 | 98 Reviews","98 Reviews","4.8","","₹1,870","100g","","","NOTIFY ME"
"","0","https://twobrothersindiashop.com/products/mathari","https://twobrothersindiashop.com/cdn/shop/files/MathriSticksFOP_1_1200x.jpg?v=1785396215","https://twobrothersindiashop.com/cdn/shop/files/MathriSticksBOP_1_1200x.jpg?v=1785396215","Out of stock","Sale price","Sale price","Khapli Mathri Sticks","₹304","","₹345","","Khapli | Cold-pressed oil","4.73 | 26 Reviews","26 Reviews","4.7","","₹345","350g","","","NOTIFY ME"
"","0","https://twobrothersindiashop.com/products/panjiri-mix","https://twobrothersindiashop.com/cdn/shop/files/PanjiriMix400gFOP_1200x.jpg?v=1785403966","https://twobrothersindiashop.com/cdn/shop/files/Panjirimix400gTexture_1200x.jpg?v=1785403965","Out of stock","Sale price","Sale price","Panjiri Mix","₹1,016","","₹1,155","","Khapli & Gondh | Ghee-rolled","4.84 | 45 Reviews","45 Reviews","4.8","","₹1,155","400g","","","NOTIFY ME"
"","0","https://twobrothersindiashop.com/products/brahmi-ghee-a2-cultured-250-gms","https://twobrothersindiashop.com/cdn/shop/files/BrahmiGheeIngredients_1200x.jpg?v=1785233041","https://twobrothersindiashop.com/cdn/shop/files/BrahmiGheeListing-02_1200x.jpg?v=1785233041","Out of stock","Sale price","Sale price","Brahmi Ghee","₹2,055","","₹2,335","","Brahmi infused | Desi Gir Cow Ghee","4.89 | 62 Reviews","62 Reviews","4.9","","₹2,335","250ml","","","NOTIFY ME"
"","0","https://twobrothersindiashop.com/products/ashwagandha-ghee-a2-cultured-250-gms","https://twobrothersindiashop.com/cdn/shop/files/AshwagandhaGheeIngredient_1200x.jpg?v=1785220732","https://twobrothersindiashop.com/cdn/shop/files/AshwagandhaGheeFOP_1200x.jpg?v=1785220732","Out of stock","Sale price","Sale price","Ashwagandha Ghee, Cultured 250g","₹2,055","","₹2,335","","Ashwagandha infused | Gir Cow Ghee","4.84 | 51 Reviews","51 Reviews","4.8","","₹2,335","250ml","","","NOTIFY ME"
"","0","https://twobrothersindiashop.com/products/turmeric-ghee","https://twobrothersindiashop.com/cdn/shop/files/TurmericGheeIngredients_1200x.jpg?v=1785234075","https://twobrothersindiashop.com/cdn/shop/files/TurmericGheeLifestyle_1200x.jpg?v=1785234075","Out of stock","Sale price","Sale price","Turmeric Ghee","₹2,055","","₹2,335","","Haldi infused | Made from Desi Gir Cow Milk","4.97 | 66 Reviews","66 Reviews","5.0","","₹2,335","250ml","","","NOTIFY ME"
"","0","https://twobrothersindiashop.com/products/amorearth-chywanprash-500-gms","https://twobrothersindiashop.com/cdn/shop/files/ChyawanprashIngredient_1200x.jpg?v=1785312706","https://twobrothersindiashop.com/cdn/shop/files/Chyawanprash500gFOP_1200x.jpg?v=1785312706","Out of stock","Sale price","Sale price","Chyawanprash","₹656","","₹745","","Provides Vitamin C | Native Ingredients","4.85 | 239 Reviews","239 Reviews","4.9","","₹745","500g","","","NOTIFY ME"
"Trending","0","https://twobrothersindiashop.com/products/raw-peanuts-waghya-variety-500g","https://twobrothersindiashop.com/cdn/shop/files/CashewNutsFOP_1200x.jpg?v=1785404948","https://twobrothersindiashop.com/cdn/shop/files/CashewNutsBOP_1200x.jpg?v=1785404948","Out of stock","Sale price","Sale price","Raw Peanuts Waghya Variety 500g","₹238","","₹270","","Native Variety | Healthy fats","4.94 | 67 Reviews","67 Reviews","4.9","","₹270","500g","","","NOTIFY ME"
"","0","https://twobrothersindiashop.com/products/moong-dal-500g","https://twobrothersindiashop.com/cdn/shop/files/Moong_Dal_500g_Ingredients_1200x.jpg?v=1770649630","https://twobrothersindiashop.com/cdn/shop/files/Moong_Dal_500g_Lifestyle_1200x.jpg?v=1770649630","Out of stock","Sale price","Sale price","Moong Dal - 500g","₹194","","₹220","","","5 | 4 Reviews","4 Reviews","5.0","","₹220","500g","","","NOTIFY ME"
"Rakhi Special","0","https://twobrothersindiashop.com/products/banana-chips-100g","https://twobrothersindiashop.com/cdn/shop/files/Rakhi-Inside-Products-Listing_1200x.jpg?v=1786621143","https://twobrothersindiashop.com/cdn/shop/files/Listing_BananaChips-1_1200x.jpg?v=1785826387","Out of stock","Sale price","Sale price","Banana Chips","₹145","","₹165","","Raw Jalgaon Bananas | No Palm Oil","No reviews","0 Reviews","0.0","","₹165","100g","","","NOTIFY ME"
"Rakhi Special","0","https://twobrothersindiashop.com/products/mathari-sticks-150g","https://twobrothersindiashop.com/cdn/shop/files/Rakhi-Inside-Products-Listing-mathri_1200x.jpg?v=1786436724","https://twobrothersindiashop.com/cdn/shop/files/Listing_MathriSticks-1_1200x.jpg?v=1785829578","Out of stock","Sale price","Sale price","Mathari sticks-150g","₹136","","₹155","","Fiber-Rich Khapli | Cold-Pressed Oil","No reviews","0 Reviews","0.0","","₹155","150g","","","NOTIFY ME"